Workbook

Sheet Instructions
A1: LVR Screening Questionnaires – Title/Abstract & Full-Text Screening
A3: How to use
A4: 1 | B4: Go to the "Screening" tab. Read the title; open the abstract only if the title does not settle it.
A5: 2 | B5: Yellow columns are the ones you fill in. Pick from the drop-down lists only.
A6: 3 | B6: Title/abstract decision: Include, Exclude, or Maybe (unsure). Include + Maybe both go to full text.
A7: 4 | B7: If you choose Exclude, also choose ONE reason in the next column.
A8: 5 | B8: Rows marked "Missing" in the Abstract column have no abstract: click the DOI link to read it online.
A9: 6 | B9: After full-text review, fill the two full-text columns for every Include/Maybe paper.
A10: 7 | B10: The "Counts" tab updates automatically and gives the numbers for your flow diagram.
A12: Inclusion criteria
A13: Include | B13: Adults (18+); evaluates a self-report questionnaire or screening item against a measure of vision or LVR need; reports accuracy, validation, or clinical use; glaucoma PROM studies; LVR referral guidelines.
A14: Exclude | B14: Children only; rehabilitation interventions with no questionnaire data; no questionnaire/screening item; conference abstract without data; not English/French; case reports or opinion.
A16: Example of a filled row
A17: Title/abstract decision | B17: Exclude
A18: Reason | B18: No questionnaire/screening item
A19: Notes | B19: Population study of VI prevalence; no self-report tool evaluated
A21: AI suggestions | B21: Grey columns N–P hold AI-suggested decisions with a one-line rationale. They are suggestions only: read each title/abstract, then enter YOUR decision in the yellow columns. Report AI assistance in your methods.

Sheet Screening
A1: ID | B1: Year | C1: Authors | D1: Title | E1: Journal | F1: DOI link | G1: Abstract | H1: Title/abstract decision | I1: Exclusion reason (T/A) | J1: Full-text decision | K1: Exclusion reason (FT) | L1: Notes | M1: Zotero key | N1: Suggested decision (AI) | O1: Suggested reason (AI) | P1: AI rationale | Q1: Independent T/A decision (AI) | R1: Independent exclusion reason (AI) | S1: Independent rationale (AI)
A2: 1 | D2: Social Support Provided To High School Students With Visual Impairments By Their Sighted Classmates | E2: ResearchGate | F2: Open (URL) | G2: PDF | The study presented in this article is intended to investigate the social support provided in high school Gymnasium and Lyceum) students with... | Find, read and cite all the research you need on ResearchGate | M2: WSA9ZTZU | N2: Exclude | O2: Wrong population (not adults) | P2: High-school students; social support, no screening tool
A3: 2 | B3: 2020 | C3: Cherny, Christina et al. | D3: A novel collaboration: Multifocal RGPs and low vision aids increase quality of life in visually impaired | E3: Contact Lens and Anterior Eye | F3: Open | G3: Objectives By presenting 2 cases, this study aimed to discuss the utility of multifocal rigid gas permeable contact lenses in the low vision patient population, and their ability to decrease reliance on low vision aids and to increase quality of life. Methods A retrospective case series of 2 patients receiving care from two specialty practice locations was performed. Both patients were visually impaired presbyopic myopes, and sought care from both contact lens and low vision specialties in order to improve visual function and enhance their ability to perform activities of daily living. They were each fit with multifocal gas permeable contact lenses to be used in conjunction with low vision devices. The Visual Functioning Questionnaire – 25 was administered to both patients in order to quantify improvement to quality of life with the new contact lenses. Results Both patients were successfully fit with multifocal gas permeable contact lenses and reported decreased reliance on low vision aids as well as significant improvement in quality of life when wearing the contact lenses. Conclusion The use of multifocal rigid gas permeable contact lenses in the low vision patient population may be an effective tool to make visually impaired patients, particularly presbyopic degenerative myopes, less reliant on low vision aids, thereby improving their quality of life. | H3: Include | M3: ZQRGRJ6Q | N3: Exclude | O3: Intervention study only | P3: Case series of contact lenses in LV patients
A4: 3 | B4: 2012 | C4: Tabrett, Daryl R. et al. | D4: Adjustment to vision loss in a mixed sample of adults with established visual impairment. | E4: Investigative ophthalmology & visual science | F4: Open | G4: PURPOSE: To determine factors associated with the level of adjustment to vision loss in a cross-sectional sample of adults with mixed visual impairment. METHODS: One hundred participants were administered the Acceptance and Self-Worth Adjustment Scale (AS-WAS) to assess adjustment to vision loss. The severity of vision loss was determined using binocular clinical visual function assessments including visual acuity, contrast sensitivity, reading performance, and visual fields. Key demographics including age, duration of visual impairment, general health, education, and living arrangements were evaluated, as were self-reported vision-related activity limitation (VRAL), depression, social support, and personality. RESULTS: Multivariate analysis showed that higher levels of depressive symptoms (β = -0.26, P < 0.01) and of the personality trait neuroticism (β = -0.33, P < 0.001), and lower levels of the personality trait of conscientiousness (β = 0.29, P < 0.01), were associated with poorer adjustment to vision loss, explaining 56% variance. CONCLUSIONS: Adjustment to vision loss is significantly associated with depression and certain traits of personality (specifically neuroticism and conscientiousness), independent of the severity of vision loss, VRAL, and duration of vision loss. The results suggest certain individuals may be predisposed to exhibiting less adjustment to vision loss due to personality characteristics, and exhibit poorer adjustment owing to or as a consequence of depression, rather than due to other factors such as the onset and severity of visual impairment. | H4: Maybe | M4: PTL6V66J | N4: Exclude | O4: No accuracy/validation data | P4: Adjustment-to-vision-loss scale; not a vision screening tool
A5: 4 | B5: 2022 | C5: Li, Shengnan et al. | D5: An Overview of Preferred Retinal Locus and Its Application in Biofeedback Training for Low-Vision Rehabilitation | E5: Seminars in Ophthalmology | F5: Open | G5: Central vision loss (CVL) caused by macular damage generally disables common daily tasks, which cannot be reversed by present treatments. Fortunately, it has been found that biofeedback training by inducing or reinforcing preferred retinal locus (PRL) as an eccentric fixation reference contributes to the improvement of visual performance in patients with CVL. However, the clinical application is still under controversy due to poor knowledge of its fundamental and inconsistent practical standards. This article aims to summarize the possible rationale for the development, location, re-location and evaluating indicators of PRL, and the general apparatus, protocol, and outcome of biofeedback PRL training. | M5: JA2GLWLX | N5: Exclude | O5: Review/opinion/editorial | P5: Narrative review of PRL biofeedback training
A6: 5 | B6: 2012 | C6: Gothwal, Vijaya K. et al. | D6: Andhra Pradesh Eye Disease Study - Visual Function Questionnaire: further improvements in psychometric properties using Rasch analysis. | E6: Ophthalmic epidemiology | F6: Open | G6: PURPOSE: Previous Rasch analysis of the Andhra Pradesh Eye Disease Study-Visual Function Questionnaire (APEDS-VFQ) lacked comprehensiveness, specifically, dimensionality (whether it measures single/multiple constructs). Therefore, using the Rasch model this study provides a detailed assessment of psychometric properties of the APEDS-VFQ. METHODS: A total of 351 visually impaired adults (mean age, 43.3 years) were verbally administered the APEDS-VFQ. Rasch analysis was used to assess the psychometric properties of the instrument. RESULTS: Participants could distinguish only three categories of difficulty, so response categories were reduced from five to three. A single item ("reading small prints in newspaper/magazines", infit mean square 1.54) misfit the model. The overall pattern of fit statistics for item and person measures suggested that the underlying construct (visual ability) is not unidimensional. When the items were grouped into subsets based on functional requirements (resolution, contrast sensitivity, illumination and peripheral vision) and separate person measures were estimated for each of these domains, the first principal component contained the visual ability and accounted for 72% of the variance. Item measure distributions could be divided into 18 strata, and item-separation reliability was 0.99. Person measures could be divided into three statistically distinct strata and the person-separation reliability was 0.81. CONCLUSIONS: The APEDS-VFQ is a precise measure of visual ability in visually impaired adults in India. Similar to other visual function questionnaires developed for the Western population, our results demonstrate that visual ability is a two-factor composite latent variable; one dimension heavily influences reading and the other most heavily influences peripheral vision (mobility). | H6: Include | M6: 4SF3BURR | N6: Maybe | P6: Rasch validation of a visual function questionnaire (APEDS-VFQ) in VI adults; possible for instrument table
A7: 6 | B7: 2020 | C7: Lai, Krystal Y. et al. | D7: Assessment of Eye Disease and Visual Impairment in the Nursing Home Population Using Mobile Health Technology | E7: Ophthalmic Surgery, Lasers and Imaging Retina | F7: Open | G7: BACKGROUND AND OBJECTIVE: To characterize the burden of eye disease and the utility of teleophthalmology in nursing home patients, a population with ophthalmic needs not commensurate with care received. PATIENTS AND METHODS: Informed consent was obtained from 78 California Bay Area skilled nursing facility patients. Near visual acuity (VA) and anterior/posterior segment photographs were taken with a smartphone-based VA app and ophthalmic camera system. The Nursing Home Vision-Targeted Health-Related Quality of Life questionnaire was also administered. Risk factors for visual impairment were assessed. Institutional review board approval was obtained from Stanford University. RESULTS: Cataracts (51%), diabetic retinopathy (DR) (12%), optic neuropathy (12%), and age-related macular degeneration (AMD) (10%) were common findings; 11.7% had other referral-warranted findings. AMD and DR correlated with a higher risk of poor VA, with adjusted odds ratios of 22 ( P = .01) and 43 ( P = .004). CONCLUSIONS: This study demonstrated a high prevalence of poor VA and ophthalmic disease in the nursing home population impacting quality of life. Smartphone-based teleophthalmology platforms have the potential to increase access to eye care for nursing home patients. [ Ophthalmic Surg Lasers Imaging Retina. 2020;51:262–270.] | H7: Maybe | M7: DZTRXQKR | N7: Exclude | O7: No accuracy/validation data | P7: Teleophthalmology in nursing homes; questionnaire not validated against vision
A8: 7 | B8: 2009 | C8: Alves, Cássia Cristiane De Freitas et al. | D8: Assistive technology applied to education of students with visual impairment | E8: Revista Panamericana de Salud Pública | F8: Open | G8: Objectives.Verify the application of assistive technology, especially information technol-ogy in the education of blind and low-vision students from the perceptions of their teachers.Methods.Descriptive survey study in public schools in three municipalities of the state ofSão Paulo, Brazil. The sample comprised 134 teachers.Results.According to the teachers’ opinions, there are differences in the specificities and ap-plicability of assistive technology for blind and low-vision students, for whom specific computerprograms are important. Information technology enhances reading and writing skills, as wellas communication with the world on an equal basis, thereby improving quality of life and facil-itating the learning process. The main reason for not using information technology is the lackof planning courses. The main requirements for the use of information technology in schools areenough computers for all students, advisers to help teachers, and pedagogical support.Conclusions.Assistive technology is applied to education of students with visual impair-ment; however, teachers indicate the need for infrastructure and pedagogical support. Infor-mation technology is an important tool in the inclusion process and can promote independenceand autonomy of students with visual impairment. | M8: JXNHNL89 | N8: Exclude | O8: Wrong population (not adults) | P8: Teachers of students with VI
A9: 8 | B9: 2021 | C9: Zhu, Zhuoting et al. | D9: Association of visual impairment with risk for future Parkinson's disease. | E9: EClinicalMedicine | F9: Open | G9: BACKGROUND: Although visual dysfunction is one of the most common non-motor symptoms among patients with Parkinson's disease (PD), it is not known whether visual impairment (VI) predates the onset of clinical PD. Therefore, we aim to examine the association of VI with the future development of PD in the UK Biobank Study. METHODS: The UK Biobank Study is one of the largest cohort studies of health, enrolling over 500,000 participants aged 40-69 years between 2006 and 2010 across the UK. VI was defined as a habitual distance visual acuity (VA) worse than 0·3 logarithm of the minimum angle of resolution (LogMAR) in the better-seeing eye. Incident cases of PD were determined by self report data, hospital admission records or death records, whichever came first. Multivariable Cox proportional hazard regression models were used to investigate the association between VI and the risk of incident PD. FINDINGS: A total of 117,050 participants were free of PD at the baseline assessment. During the median observation period of 5·96 (IQR: 5·77-6·23) years, PD occurred in 222 (0·19%) participants. Visually impaired participants were at a higher risk of developing PD than non-VI participants (p < 0·001). Compared with the non-VI group, the adjusted hazard ratio was 2·28 (95% CI 1·29-4·05, p = 0·005) in the VI group. These results were consistent in the sensitivity analysis, where incident PD cases diagnosed within one year after the baseline assessment were excluded. INTERPRETATION: This cohort study found that VI was associated with an increased risk of incident PD, suggesting that VI may serve as a modifiable risk factor for prevention of future PD. | M9: UQB6USLL | N9: Exclude | O9: Not about low vision/visual function | P9: VI as risk factor for Parkinson disease
A10: 9 | B10: 2026 | C10: Chen, Xindi et al. | D10: Associations Between Visual Impairment and Homebound Status, Home Hazards, and Support Service Utilization: The National Health and Aging Trends Study | E10: American Journal of Ophthalmology | F10: Open | G10: Objective To examine the association between visual impairment (VI) and (1) homebound status, (2) presence of home hazards, and (3) utilization of home-based long-term services and supports (LTSS) among older adults. Design: Longitudinal and cross-sectional analyses using National Health and Aging Trends Study (NHATS) data (2021–2023). Subjects A total of 3022 Medicare beneficiaries aged ≥71 years (mean age 78.8 years, 55.3% female) with complete data on homebound status and visual function. Methods VI was defined as impairment in distance visual acuity or near visual acuity (<0.3 logMAR), or in contrast sensitivity (<1.55 logCS). Homebound status was classified as homebound, semi-homebound, or non-homebound based on frequency and difficulty leaving home. Home hazards (peeling paint, broken furniture, flooring damage, and tripping hazards) were documented during in-home visits. LTSS utilization encompassed assistive devices, home modifications, transportation services, senior housing, meal delivery, paid care, and high-burden family caregiving. Regression models (logistic and Cox proportional hazards) assessed cross-sectional and longitudinal relationships between VI – its presence, severity, and rate of decline – and outcomes. Main Outcome Measures Presence or transition to homebound or semi-homebound status, presence of home safety hazards, and utilization of home-based LTSS. Results Among 3,022 participants (mean age 78.8 years, 55.3% female), 5.7% were homebound, and 14.4% semi-homebound. The presence of any VI was associated with a higher likelihood of both being (OR = 1.52, 95% CI: 1.17-1.98, P = .002) and becoming homebound or semi-homebound (HR = 1.35, 95% CI: 1.04-1.74, P = .02). Participants meeting all three VI criteria had an even higher risk (HR = 1.86, 95% CI: 1.35-2.58, P < .001). Individuals with VI were more likely to have home hazards (OR = 1.88, 95% CI: 1.32-2.69, P = .001) and utilize home-based LTSS (OR = 1.35, 95% CI: 1.10-1.66, p = 0.005). Conclusions VI is a significant risk factor for being and becoming homebound in older adults, with increasing severity and breadth of VI compounding this risk. Individuals with VI also face greater home hazards and require more home-based LTSS, suggesting challenges maintaining home safety and functionality as they become more confined to the home. Early vision interventions, comprehensive home safety assessments, and targeted LTSS may be important preventive strategies for maintaining independence in visually impaired older adults. | M10: GZI4IKS9 | N10: Exclude | O10: No questionnaire/screening item | P10: VI and homebound status; no screening questionnaire evaluated
A11: 10 | B11: 2026 | C11: Qin, Jingshuang et al. | D11: Associations between cMIND diet, mold exposure, and visual impairment among older adults in China: a national cross-sectional study. | E11: Frontiers in nutrition | F11: Open | G11: BACKGROUND: Visual impairment poses a major challenge to healthy ageing, and its occurrence may be related to both dietary factors and the indoor environment. However, evidence regarding the associations of the Chinese version of the Mediterranean-Dietary Approaches to Stop Hypertension Intervention for Neurodegenerative Delay (cMIND) diet and mold exposure with visual impairment remains limited. METHODS: This study included 14031 participants aged ≥ 65 years from the 2018 wave of the Chinese Longitudinal Healthy Longevity Survey (CLHLS). The cMIND diet score was calculated based on a validated questionnaire, and mold exposure was defined based on self-reported frequent perception of musty odors at home. Visual impairment was defined based on responses to a visual function assessment. We used multivariable logistic regression analyses to assess the independent and joint associations of the cMIND diet and mold exposure with visual impairment. RESULTS: Among the participants, the median age was 85.00 years, and 35.97% had visual impairment. For every 1-point increase in the cMIND diet score, lower odds of visual impairment were observed (OR = 0.91, 95% CI: 0.88-0.94), whereas mold exposure was associated with higher odds (OR = 1.19, 95% CI: 1.04-1.35). A linear inverse association was observed between the cMIND diet score and visual impairment. Joint analysis showed the highest odds of visual impairment among participants with both low cMIND diet scores and mold exposure (OR = 1.68, 95% CI: 1.38-2.05). Findings were robust in sensitivity analyses. CONCLUSION: Independent and joint associations of the cMIND diet and mold exposure with visual impairment were observed among older adults, highlighting the potential importance of dietary and indoor environmental factors for visual health. | M11: RVL4ARNG | N11: Exclude | O11: Not about low vision/visual function | P11: Diet and mould exposure as VI risk factors

Sheet Counts
A2: Flow diagram numbers
A3: Records identified – PubMed | B3: 7 | C3: Source: your search log (4 Oct 2026)
A4: Records identified – Scopus | B4: 6 | C4: Source: your search log (4 Oct 2026)
A5: Records identified – other sources | B5: 3 | C5: Source: key sources in the study outline, added by hand (13 Oct 2026)
A6: Total records identified | B6: =B3+B4+B5 -> 16
A7: Duplicates removed | B7: =B6-B8 -> 6
A8: Records screened (title/abstract) | B8: =COUNTA(Screening!$D$2:$D$11) -> 10
A9: Screened so far | B9: =COUNTA(Screening!$H$2:$H$11) -> 4
A10: Excluded at title/abstract | B10: =COUNTIF(Screening!$H$2:$H$11,"Exclude") -> 0
A11: Included + Maybe → full text | B11: =COUNTIF(Screening!$H$2:$H$11,"Include")+COUNTIF(Screening!$H$2:$H$11,"Maybe") -> 4
A12: Full texts assessed | B12: =COUNTA(Screening!$J$2:$J$11) -> 0
A13: Excluded at full text | B13: =COUNTIF(Screening!$J$2:$J$11,"Exclude") -> 0
A14: Studies included | B14: =COUNTIF(Screening!$J$2:$J$11,"Include") -> 0
A17: Exclusion reasons
A18: Reason | B18: Title/abstract | C18: Full text
A19: Wrong population (not adults) | B19: =COUNTIF(Screening!$I$2:$I$11,A19) -> 0 | C19: =COUNTIF(Screening!$K$2:$K$11,A19) -> 0
A20: No questionnaire/screening item | B20: =COUNTIF(Screening!$I$2:$I$11,A20) -> 0 | C20: =COUNTIF(Screening!$K$2:$K$11,A20) -> 0
A21: No accuracy/validation data | B21: =COUNTIF(Screening!$I$2:$I$11,A21) -> 0 | C21: =COUNTIF(Screening!$K$2:$K$11,A21) -> 0
A22: Intervention study only | B22: =COUNTIF(Screening!$I$2:$I$11,A22) -> 0 | C22: =COUNTIF(Screening!$K$2:$K$11,A22) -> 0
A23: Not about low vision/visual function | B23: =COUNTIF(Screening!$I$2:$I$11,A23) -> 0 | C23: =COUNTIF(Screening!$K$2:$K$11,A23) -> 0
A24: Review/opinion/editorial | B24: =COUNTIF(Screening!$I$2:$I$11,A24) -> 0 | C24: =COUNTIF(Screening!$K$2:$K$11,A24) -> 0
A25: Conference abstract only | B25: =COUNTIF(Screening!$I$2:$I$11,A25) -> 0 | C25: =COUNTIF(Screening!$K$2:$K$11,A25) -> 0
A26: Language (not English/French) | B26: =COUNTIF(Screening!$I$2:$I$11,A26) -> 0 | C26: =COUNTIF(Screening!$K$2:$K$11,A26) -> 0
A27: Full text not available | B27: =COUNTIF(Screening!$I$2:$I$11,A27) -> 0 | C27: =COUNTIF(Screening!$K$2:$K$11,A27) -> 0
A28: Other (see notes) | B28: =COUNTIF(Screening!$I$2:$I$11,A28) -> 0 | C28: =COUNTIF(Screening!$K$2:$K$11,A28) -> 0
A30: Check: your decisions vs AI suggestions
A31: Rows where you agreed with the AI | B31: =SUMPRODUCT((Screening!$H$2:$H$11<>"")*(Screening!$H$2:$H$11=Screening!$N$2:$N$11)) -> 0
A32: Rows where you changed the AI decision | B32: =SUMPRODUCT((Screening!$H$2:$H$11<>"")*(Screening!$H$2:$H$11<>Screening!$N$2:$N$11)) -> 4

Sheet Lists
A1: Decisions | B1: Full-text decisions | C1: Exclusion reasons
A2: Include | B2: Include | C2: Wrong population (not adults)
A3: Exclude | B3: Exclude | C3: No questionnaire/screening item
A4: Maybe | C4: No accuracy/validation data
C5: Intervention study only
C6: Not about low vision/visual function
C7: Review/opinion/editorial
C8: Conference abstract only
C9: Language (not English/French)
C10: Full text not available
C11: Other (see notes)
